{
  "prompt_v1_scores": {
    "faithfulness": 0.9838095238095238,
    "answer_relevancy": 0.9232368963101482,
    "context_recall": 1.0,
    "context_precision": 0.9699999999181665
  },
  "prompt_v2_scores": {
    "faithfulness": 0.8523867243867244,
    "answer_relevancy": 0.9022326233996908,
    "context_recall": 1.0,
    "context_precision": 0.96833333325275
  },
  "target_met": true,
  "best_faithfulness": 0.9838095238095238
}